{
    "accuracy": {
        "train": 0.8868374032162001,
        "test": 0.8971650917176209
    },
    "avg_prec": {
        "train": 0.9525516017932975,
        "test": 0.9577305403296914
    },
    "roc_auc": {
        "train": 0.9177175390327179,
        "test": 0.9261251070169094
    }
}
