{
    "avg_prec": {
        "train": 0.9611504082309559,
        "test": 0.9665577646587465
    },
    "roc_auc": {
        "train": 0.9256221478215709,
        "test": 0.9348487236784764
    }
}
