{
    "accuracy": {
        "train": 0.8902620607504467,
        "test": 0.896053362979433
    }
}
