{
    "accuracy": {
        "train": 0.8868374032162001,
        "test": 0.8910505836575876
    },
    "avg_prec": {
        "train": 0.9781909794869073,
        "test": 0.9724325692029154
    },
    "roc_auc": {
        "train": 0.9411377774831219,
        "test": 0.9308402256859127
    }
}
